JAN,ASIN,MONO,NAME,PRICE,amazon_PRICE,DIF,R_DIF,BR,REV,URL,amazonURL
4904810975434,B074C9JRJG,http://mnrate.com/item/aid/B074C9JRJG,TLK-28スピードチェンジ ダイノボットスコーン,907,756,151,226,-24.9834619625,6,https://shop.faber-hobby.jp/products/detail.php?product_id=1177570,https://www.amazon.co.jp/s/ref=nb_sb_noss?__mk_ja_JP=カタカナ&url=search-alias%3Daps&field-keywords=4904810975434,Toy,6247
4904810962373,B0756HGZZ4,http://mnrate.com/item/aid/B0756HGZZ4,TLK-31ビッグスピードチェンジ ドラゴンストーム,5140,3803,1337,1717,-33.4105058366,5,https://shop.faber-hobby.jp/products/detail.php?product_id=1177453,https://www.amazon.co.jp/s/ref=nb_sb_noss?__mk_ja_JP=カタカナ&url=search-alias%3Daps&field-keywords=4904810962373,Toy,50763
4904810891765,B074CB4BDX,http://mnrate.com/item/aid/B074CB4BDX,TLK-26 スピードチェンジ コグマン,907,676,231,298,-32.9217199559,0,https://shop.faber-hobby.jp/products/detail.php?product_id=1177402,https://www.amazon.co.jp/s/ref=nb_sb_noss?__mk_ja_JP=カタカナ&url=search-alias%3Daps&field-keywords=4904810891765,Toy,35572
4904810891734,B074CB1H52,http://mnrate.com/item/aid/B074CB1H52,TLK-23 ストレイフ,2116,1565,551,707,-33.4357277883,0,https://shop.faber-hobby.jp/products/detail.php?product_id=1177399,https://www.amazon.co.jp/s/ref=nb_sb_noss?__mk_ja_JP=カタカナ&url=search-alias%3Daps&field-keywords=4904810891734,Toy,13406
4904810891710,B074C7LR72,http://mnrate.com/item/aid/B074C7LR72,TLK-21 クロスヘアーズ,2116,3400,-1284,-944,44.6124763705,0,https://shop.faber-hobby.jp/products/detail.php?product_id=1177397,https://www.amazon.co.jp/s/ref=nb_sb_noss?__mk_ja_JP=カタカナ&url=search-alias%3Daps&field-keywords=4904810891710,Toy,13314
4950344953363,B073BNFXY5,http://mnrate.com/item/aid/B073BNFXY5,サンダードラゴン クリヤースペシャル (ポリカボディ),920,833,87,170,-18.5108695652,0,https://shop.faber-hobby.jp/products/detail.php?product_id=1173918,https://www.amazon.co.jp/s/ref=nb_sb_noss?__mk_ja_JP=カタカナ&url=search-alias%3Daps&field-keywords=4950344953363,Hobby,2031
4549660167150,B074WVVCRN,http://mnrate.com/item/aid/B074WVVCRN,ムービーモンスターシリーズ セルヴァム,1209,1318,-109,22,-1.8858560794,0,https://shop.faber-hobby.jp/products/detail.php?product_id=1189417,https://www.amazon.co.jp/s/ref=nb_sb_noss?__mk_ja_JP=カタカナ&url=search-alias%3Daps&field-keywords=4549660167150,Toy,12196
4537807070173,B00XHEWRAM,http://mnrate.com/item/aid/B00XHEWRAM,タコクラゲ,1465,1955,-490,-294,20.1023890785,0,https://shop.faber-hobby.jp/products/detail.php?product_id=1002417,https://www.amazon.co.jp/s/ref=nb_sb_noss?__mk_ja_JP=カタカナ&url=search-alias%3Daps&field-keywords=4537807070173,Hobby,356254
4537807070128,B00KF7X8XO,http://mnrate.com/item/aid/B00KF7X8XO,イワトビペンギン,1465,1955,-490,-294,20.1023890785,0,https://shop.faber-hobby.jp/products/detail.php?product_id=1000653,https://www.amazon.co.jp/s/ref=nb_sb_noss?__mk_ja_JP=カタカナ&url=search-alias%3Daps&field-keywords=4537807070128,Hobby,367189
4537807070111,B00KF7X8XE,http://mnrate.com/item/aid/B00KF7X8XE,メガネモチノウオ(ナポレオンフィッシュ),1465,2000,-535,-335,22.866894198,0,https://shop.faber-hobby.jp/products/detail.php?product_id=1000652,https://www.amazon.co.jp/s/ref=nb_sb_noss?__mk_ja_JP=カタカナ&url=search-alias%3Daps&field-keywords=4537807070111,Hobby,61641
4537807070098,B00KF7X89S,http://mnrate.com/item/aid/B00KF7X89S,ハンドウイルカ,1465,1955,-490,-294,20.1023890785,0,https://shop.faber-hobby.jp/products/detail.php?product_id=1000650,https://www.amazon.co.jp/s/ref=nb_sb_noss?__mk_ja_JP=カタカナ&url=search-alias%3Daps&field-keywords=4537807070098,Hobby,245517
4986470017020,B00I9SEI1W,http://mnrate.com/item/aid/B00I9SEI1W,さニャだゆきむら ストラップ いざ出陣! Ver.,492,864,-372,-285,58.0487804878,1,https://shop.faber-hobby.jp/products/detail.php?product_id=1092116,https://www.amazon.co.jp/s/ref=nb_sb_noss?__mk_ja_JP=カタカナ&url=search-alias%3Daps&field-keywords=4986470017020,Toy,170674
4986470017013,B00I9SEI0I,http://mnrate.com/item/aid/B00I9SEI0I,さニャだゆきむら ストラップ 楽しく歌おう! Ver.,492,864,-372,-285,58.0487804878,0,https://shop.faber-hobby.jp/products/detail.php?product_id=1092115,https://www.amazon.co.jp/s/ref=nb_sb_noss?__mk_ja_JP=カタカナ&url=search-alias%3Daps&field-keywords=4986470017013,Toy,672602
4537807030207,B01I2TF3LG,http://mnrate.com/item/aid/B01I2TF3LG,アッセンブルボーグ アビスシーカー,2494,3400,-906,-566,22.6944667201,0,https://shop.faber-hobby.jp/products/detail.php?product_id=1105159,https://www.amazon.co.jp/s/ref=nb_sb_noss?__mk_ja_JP=カタカナ&url=search-alias%3Daps&field-keywords=4537807030207,Hobby,123439
4537807030191,B01I2TF7Q2,http://mnrate.com/item/aid/B01I2TF7Q2,アッセンブルボーグ ストラトフライヤー,2494,3512,-1018,-666,26.7361668003,0,https://shop.faber-hobby.jp/products/detail.php?product_id=1105158,https://www.amazon.co.jp/s/ref=nb_sb_noss?__mk_ja_JP=カタカナ&url=search-alias%3Daps&field-keywords=4537807030191,Hobby,80180
4537807030061,B01I2TF3OI,http://mnrate.com/item/aid/B01I2TF3OI,アッセンブルボーグ ジャークノイド イーグ,1890,2700,-810,-540,28.5714285714,0,https://shop.faber-hobby.jp/products/detail.php?product_id=1105153,https://www.amazon.co.jp/s/ref=nb_sb_noss?__mk_ja_JP=カタカナ&url=search-alias%3Daps&field-keywords=4537807030061,Hobby,261102
4537807040619,B00GFF4EL0,http://mnrate.com/item/aid/B00GFF4EL0,SCI-FI REVOLTECH 特撮リボルテック: ジェットモグラ,3585,2980,605,903,-25.1882845188,11,https://shop.faber-hobby.jp/products/detail.php?product_id=887777,https://www.amazon.co.jp/s/ref=nb_sb_noss?__mk_ja_JP=カタカナ&url=search-alias%3Daps&field-keywords=4537807040619,Hobby,86571
4537807040510,B00BKT19DW,http://mnrate.com/item/aid/B00BKT19DW,SCI-FI REVOLTECH 特撮リボルテック: サンダーバード2号,2865,4390,-1525,-1086,37.9057591623,29,https://shop.faber-hobby.jp/products/detail.php?product_id=887771,https://www.amazon.co.jp/s/ref=nb_sb_noss?__mk_ja_JP=カタカナ&url=search-alias%3Daps&field-keywords=4537807040510,Hobby,70343
4537807110060,B00L03KN2Q,http://mnrate.com/item/aid/B00L03KN2Q,レガシー・オブ・リボルテック イングラム2号機,2653,3100,-447,-137,5.16396532228,0,https://shop.faber-hobby.jp/products/detail.php?product_id=729244,https://www.amazon.co.jp/s/ref=nb_sb_noss?__mk_ja_JP=カタカナ&url=search-alias%3Daps&field-keywords=4537807110060,Hobby,161099
4537807040626,B00HSZMDG4,http://mnrate.com/item/aid/B00HSZMDG4,SCI-FI REVOLTECH 特撮リボルテック: ザ・バット,3585,3336,249,582,-16.2510460251,5,https://shop.faber-hobby.jp/products/detail.php?product_id=729232,https://www.amazon.co.jp/s/ref=nb_sb_noss?__mk_ja_JP=カタカナ&url=search-alias%3Daps&field-keywords=4537807040626,Hobby,53065
4549660177630,B071PFF26T,http://mnrate.com/item/aid/B071PFF26T,超合金の塊 DZ-15:ザマス(合体),777,1113,-336,-224,28.9189189189,0,https://shop.faber-hobby.jp/products/detail.php?product_id=1166555,https://www.amazon.co.jp/s/ref=nb_sb_noss?__mk_ja_JP=カタカナ&url=search-alias%3Daps&field-keywords=4549660177630,Hobby,133340
4549660160946,B06XTFX95T,http://mnrate.com/item/aid/B06XTFX95T,超合金の塊 DZ-14:スーパーサイヤ人 ロゼ ゴクウブラック,777,680,97,165,-21.2355212355,0,https://shop.faber-hobby.jp/products/detail.php?product_id=1154595,https://www.amazon.co.jp/s/ref=nb_sb_noss?__mk_ja_JP=カタカナ&url=search-alias%3Daps&field-keywords=4549660160946,Hobby,128160
4549660160939,B06XT8N4RR,http://mnrate.com/item/aid/B06XT8N4RR,超合金の塊 DZ-13:スーパーサイヤ人 トランクス(未来),777,1113,-336,-224,28.9189189189,0,https://shop.faber-hobby.jp/products/detail.php?product_id=1154594,https://www.amazon.co.jp/s/ref=nb_sb_noss?__mk_ja_JP=カタカナ&url=search-alias%3Daps&field-keywords=4549660160939,Hobby,173853
4582362381646,B018LMTVT4,http://mnrate.com/item/aid/B018LMTVT4,1/7 ロウきゅーぶ!SS: 香椎愛莉 -黒うさぎさん Ver.-,5609,7000,-1391,-691,12.3194865395,3,https://shop.faber-hobby.jp/products/detail.php?product_id=1075114,https://www.amazon.co.jp/s/ref=nb_sb_noss?__mk_ja_JP=カタカナ&url=search-alias%3Daps&field-keywords=4582362381646,Hobby,98905
4537807100153,B00SM9GYHE,http://mnrate.com/item/aid/B00SM9GYHE,マイクロヤマグチ/リボルミニ キン肉マングレート,1814,2144,-330,-115,6.37265711136,7,https://shop.faber-hobby.jp/products/detail.php?product_id=1023219,https://www.amazon.co.jp/s/ref=nb_sb_noss?__mk_ja_JP=カタカナ&url=search-alias%3Daps&field-keywords=4537807100153,Hobby,102000
4943209610846,B00RDU00Y6,http://mnrate.com/item/aid/B00RDU00Y6,ランジェリースタイル セイバー,6667,7980,-1313,-515,7.72461376931,2,https://shop.faber-hobby.jp/products/detail.php?product_id=1022200,https://www.amazon.co.jp/s/ref=nb_sb_noss?__mk_ja_JP=カタカナ&url=search-alias%3Daps&field-keywords=4943209610846,Hobby,162430
4537807100108,B00OPTY0TE,http://mnrate.com/item/aid/B00OPTY0TE,マイクロヤマグチ/リボルミニ 石田三成,2067,2300,-233,-3,0.145137880987,0,https://shop.faber-hobby.jp/products/detail.php?product_id=1015649,https://www.amazon.co.jp/s/ref=nb_sb_noss?__mk_ja_JP=カタカナ&url=search-alias%3Daps&field-keywords=4537807100108,Hobby,27572
4537807100047,B00L03KQ64,http://mnrate.com/item/aid/B00L03KQ64,マイクロヤマグチ/リボルミニ 伊達政宗,2245,2491,-246,3,-0.138084632517,3,https://shop.faber-hobby.jp/products/detail.php?product_id=1000656,https://www.amazon.co.jp/s/ref=nb_sb_noss?__mk_ja_JP=カタカナ&url=search-alias%3Daps&field-keywords=4537807100047,Hobby,27008
4537807110114,B00LY4QM4O,http://mnrate.com/item/aid/B00LY4QM4O,レガシー・オブ・リボルテック キングゲイナ―,2229,2980,-751,-453,20.3230148048,6,https://shop.faber-hobby.jp/products/detail.php?product_id=729249,https://www.amazon.co.jp/s/ref=nb_sb_noss?__mk_ja_JP=カタカナ&url=search-alias%3Daps&field-keywords=4537807110114,Hobby,21804
8001283004046,B003UXO8V6,http://mnrate.com/item/aid/B003UXO8V6,404 1/35 電柱セット,486,4280,-3794,-3366,692.592592593,0,https://shop.faber-hobby.jp/products/detail.php?product_id=1020110,https://www.amazon.co.jp/s/ref=nb_sb_noss?__mk_ja_JP=カタカナ&url=search-alias%3Daps&field-keywords=8001283004046,Hobby,349238
4716965121013,B00HFHQDX4,http://mnrate.com/item/aid/B00HFHQDX4,1/12 小学校の机と椅子 (机x1 椅子x2),1166,1651,-485,-319,27.43567753,0,https://shop.faber-hobby.jp/products/detail.php?product_id=980195,https://www.amazon.co.jp/s/ref=nb_sb_noss?__mk_ja_JP=カタカナ&url=search-alias%3Daps&field-keywords=4716965121013,Hobby,698350
4967834521209,B00IAD5PA4,http://mnrate.com/item/aid/B00IAD5PA4,1/12 となりの関くんの机と椅子,540,1090,-550,-441,81.6666666667,0,https://shop.faber-hobby.jp/products/detail.php?product_id=728045,https://www.amazon.co.jp/s/ref=nb_sb_noss?__mk_ja_JP=カタカナ&url=search-alias%3Daps&field-keywords=4967834521209,Hobby,314556
4545782032529,B01275UP6E,http://mnrate.com/item/aid/B01275UP6E,国宝 久能山東照宮 クラフトキット,1460,0,1460,1460,-100.0,0,https://shop.faber-hobby.jp/products/detail.php?product_id=719902,https://www.amazon.co.jp/s/ref=nb_sb_noss?__mk_ja_JP=カタカナ&url=search-alias%3Daps&field-keywords=4545782032529,Hobby,407534
4544032750756,B01B7N3BPY,http://mnrate.com/item/aid/B01B7N3BPY,1/35 独・軍用ゴムボート・2個入り,594,0,594,594,-100.0,0,https://shop.faber-hobby.jp/products/detail.php?product_id=1082738,https://www.amazon.co.jp/s/ref=nb_sb_noss?__mk_ja_JP=カタカナ&url=search-alias%3Daps&field-keywords=4544032750756,Hobby,771658
8001283065276,B00LGNVTL4,http://mnrate.com/item/aid/B00LGNVTL4,1/35 標識セット2,540,4332,-3792,-3358,622.0,0,https://shop.faber-hobby.jp/products/detail.php?product_id=1026561,https://www.amazon.co.jp/s/ref=nb_sb_noss?__mk_ja_JP=カタカナ&url=search-alias%3Daps&field-keywords=8001283065276,Hobby,12320
4582316554805,B00KS2ID9K,http://mnrate.com/item/aid/B00KS2ID9K,1/35 菱形戦車 グローサーセット,2948,3290,-342,-13,0.440976933514,0,https://shop.faber-hobby.jp/products/detail.php?product_id=1000568,https://www.amazon.co.jp/s/ref=nb_sb_noss?__mk_ja_JP=カタカナ&url=search-alias%3Daps&field-keywords=4582316554805,Hobby,577124
4582316554799,B00KS2D9O4,http://mnrate.com/item/aid/B00KS2D9O4,1/35 MK.IV タッドポールテール 菱形戦車MK.V/MK.IX 金属製可動履帯,3628,4000,-372,28,-0.77177508269,0,https://shop.faber-hobby.jp/products/detail.php?product_id=1000567,https://www.amazon.co.jp/s/ref=nb_sb_noss?__mk_ja_JP=カタカナ&url=search-alias%3Daps&field-keywords=4582316554799,Hobby,671528
4582316554782,B00KS2AEFQ,http://mnrate.com/item/aid/B00KS2AEFQ,1/35 菱形戦車 マーク II/マークIV 金属製可動履帯,3628,5000,-1372,-872,24.0352811466,0,https://shop.faber-hobby.jp/products/detail.php?product_id=1000566,https://www.amazon.co.jp/s/ref=nb_sb_noss?__mk_ja_JP=カタカナ&url=search-alias%3Daps&field-keywords=4582316554782,Hobby,597157
4986470045535,B00B947AHM,http://mnrate.com/item/aid/B00B947AHM,1/350 英海軍 23型 フリゲート用エッチングパーツ (トランペッター用),4071,10000,-5929,-4929,121.075902727,0,https://shop.faber-hobby.jp/products/detail.php?product_id=917849,https://www.amazon.co.jp/s/ref=nb_sb_noss?__mk_ja_JP=カタカナ&url=search-alias%3Daps&field-keywords=4986470045535,Hobby,1285937
4986470045689,B00BQ4YF3M,http://mnrate.com/item/aid/B00BQ4YF3M,1/35 日本海軍 ヴィッカース・クロスレイ M25 エッチングパーツ,1053,0,1053,1053,-100.0,0,https://shop.faber-hobby.jp/products/detail.php?product_id=916934,https://www.amazon.co.jp/s/ref=nb_sb_noss?__mk_ja_JP=カタカナ&url=search-alias%3Daps&field-keywords=4986470045689,Hobby,420787
4986470045672,B00BTWE6BC,http://mnrate.com/item/aid/B00BTWE6BC,1/700 中国海軍 江凱 II型 エッチングパーツ,1628,2808,-1180,-899,55.2334152334,0,https://shop.faber-hobby.jp/products/detail.php?product_id=915969,https://www.amazon.co.jp/s/ref=nb_sb_noss?__mk_ja_JP=カタカナ&url=search-alias%3Daps&field-keywords=4986470045672,Hobby,542692
4967834352285,B0183I8C4G,http://mnrate.com/item/aid/B0183I8C4G,1/72 F-15J イーグル 小松スペシャル 2015 デカールセット,648,2265,-1617,-1390,214.583333333,0,https://shop.faber-hobby.jp/products/detail.php?product_id=728266,https://www.amazon.co.jp/s/ref=nb_sb_noss?__mk_ja_JP=カタカナ&url=search-alias%3Daps&field-keywords=4967834352285,Hobby,360685
4967834352254,B00W4TCO0E,http://mnrate.com/item/aid/B00W4TCO0E,1/48 F-15J イーグル 204SQ 50周年記念スペシャルペイント,702,2160,-1458,-1242,176.923076923,0,https://shop.faber-hobby.jp/products/detail.php?product_id=728186,https://www.amazon.co.jp/s/ref=nb_sb_noss?__mk_ja_JP=カタカナ&url=search-alias%3Daps&field-keywords=4967834352254,Hobby,560652
4967834352223,B00UP32QNQ,http://mnrate.com/item/aid/B00UP32QNQ,1/48 F-15J イーグル 航空自衛隊 60周年記念スペシャル デカール パート2,540,2160,-1620,-1404,260.0,0,https://shop.faber-hobby.jp/products/detail.php?product_id=728175,https://www.amazon.co.jp/s/ref=nb_sb_noss?__mk_ja_JP=カタカナ&url=search-alias%3Daps&field-keywords=4967834352223,Hobby,357609
9580208066318,B00F3APVKQ,http://mnrate.com/item/aid/B00F3APVKQ,1/200 アメリカ海軍戦艦 BB-63 ミズーリ用 アップグレードパーツ,1762,6131,-4369,-3755,213.161180477,0,https://shop.faber-hobby.jp/products/detail.php?product_id=728014,https://www.amazon.co.jp/s/ref=nb_sb_noss?__mk_ja_JP=カタカナ&url=search-alias%3Daps&field-keywords=9580208066318,Hobby,761864
0707600008701,B0011Z913A,http://mnrate.com/item/aid/B0011Z913A,1/144 ウクライナ 民家,777,1934,-1157,-963,124.015444015,0,https://shop.faber-hobby.jp/products/detail.php?product_id=727974,https://www.amazon.co.jp/s/ref=nb_sb_noss?__mk_ja_JP=カタカナ&url=search-alias%3Daps&field-keywords=0707600008701,Hobby,412793
4009803058221,B073RHXWFH,http://mnrate.com/item/aid/B073RHXWFH,1/1200 ドイツ海軍戦艦 テルピッツ,972,1119,-147,-35,3.61111111111,0,https://shop.faber-hobby.jp/products/detail.php?product_id=1173515,https://www.amazon.co.jp/s/ref=nb_sb_noss?__mk_ja_JP=カタカナ&url=search-alias%3Daps&field-keywords=4009803058221,Hobby,249506
4968728610122,B01I1F6G1C,http://mnrate.com/item/aid/B01I1F6G1C,1/500 日本海軍 超大和型戦艦 プレミアム,9590,12978,-3388,-2090,21.795620438,0,https://shop.faber-hobby.jp/products/detail.php?product_id=1121903,https://www.amazon.co.jp/s/ref=nb_sb_noss?__mk_ja_JP=カタカナ&url=search-alias%3Daps&field-keywords=4968728610122,Hobby,429444
4968728470214,B01I1F70AS,http://mnrate.com/item/aid/B01I1F70AS,1/700 日本海軍重巡洋艦 摩耶 フルハルモデル,2505,3111,-606,-294,11.7724550898,0,https://shop.faber-hobby.jp/products/detail.php?product_id=1119209,https://www.amazon.co.jp/s/ref=nb_sb_noss?__mk_ja_JP=カタカナ&url=search-alias%3Daps&field-keywords=4968728470214,Hobby,21897
4968728470207,B01I1F6Y0K,http://mnrate.com/item/aid/B01I1F6Y0K,1/700 日本海軍航空戦艦 伊勢 フルハルモデル,2505,2354,151,386,-15.4251497006,0,https://shop.faber-hobby.jp/products/detail.php?product_id=1119208,https://www.amazon.co.jp/s/ref=nb_sb_noss?__mk_ja_JP=カタカナ&url=search-alias%3Daps&field-keywords=4968728470207,Hobby,228450
4986470057064,B01IUPWFEA,http://mnrate.com/item/aid/B01IUPWFEA,1/72 現用米空母タイダウン&amp;デバイスセットA,1836,2621,-785,-522,28.4803921569,0,https://shop.faber-hobby.jp/products/detail.php?product_id=1107595,https://www.amazon.co.jp/s/ref=nb_sb_noss?__mk_ja_JP=カタカナ&url=search-alias%3Daps&field-keywords=4986470057064,Hobby,694968
4986470056968,B01IUPWAAE,http://mnrate.com/item/aid/B01IUPWAAE,1/700 独・戦艦 ティルピッツ用 (ピットロード用),3084,4077,-993,-585,18.9785992218,0,https://shop.faber-hobby.jp/products/detail.php?product_id=1107585,https://www.amazon.co.jp/s/ref=nb_sb_noss?__mk_ja_JP=カタカナ&url=search-alias%3Daps&field-keywords=4986470056968,Hobby,469912
4986470056937,B01IUPW5FO,http://mnrate.com/item/aid/B01IUPW5FO,1/350 米・空母 CV-5 ヨークタウン 1942年用 木製甲板 (メリット用),6013,8695,-2682,-1812,30.1430234492,0,https://shop.faber-hobby.jp/products/detail.php?product_id=1107582,https://www.amazon.co.jp/s/ref=nb_sb_noss?__mk_ja_JP=カタカナ&url=search-alias%3Daps&field-keywords=4986470056937,Hobby,1020108
4986470056913,B01IUPW5HM,http://mnrate.com/item/aid/B01IUPW5HM,1/350 米・空母 CV-5 ヨークタウン 1942年用 ディテールアップセット (メリット用),18921,25273,-6352,-3824,20.2140478833,0,https://shop.faber-hobby.jp/products/detail.php?product_id=1107580,https://www.amazon.co.jp/s/ref=nb_sb_noss?__mk_ja_JP=カタカナ&url=search-alias%3Daps&field-keywords=4986470056913,Hobby,730830
4600327092007,B01H1RGC7E,http://mnrate.com/item/aid/B01H1RGC7E,1/1200 World of Warship 日本海軍 戦艦大和,1080,2160,-1080,-864,80.0,0,https://shop.faber-hobby.jp/products/detail.php?product_id=1099039,https://www.amazon.co.jp/s/ref=nb_sb_noss?__mk_ja_JP=カタカナ&url=search-alias%3Daps&field-keywords=4600327092007,Hobby,454047
4968728600376,B01CVKKVH8,http://mnrate.com/item/aid/B01CVKKVH8,1/350 海上自衛隊 ヘリコプター搭載護衛艦 いせ プレミアム,10886,21017,-10131,-8029,73.7580378468,0,https://shop.faber-hobby.jp/products/detail.php?product_id=1093061,https://www.amazon.co.jp/s/ref=nb_sb_noss?__mk_ja_JP=カタカナ&url=search-alias%3Daps&field-keywords=4968728600376,Hobby,438196
4968728421971,B0196LL3VS,http://mnrate.com/item/aid/B0196LL3VS,1/700 日本海軍戦艦 長門 レイテ沖海戦時 フルハルモデル,2255,2382,-127,111,-4.93126385809,2,https://shop.faber-hobby.jp/products/detail.php?product_id=1075339,https://www.amazon.co.jp/s/ref=nb_sb_noss?__mk_ja_JP=カタカナ&url=search-alias%3Daps&field-keywords=4968728421971,Hobby,62430
4968728421964,B0196MKGWY,http://mnrate.com/item/aid/B0196MKGWY,1/700 日本海軍航空戦艦 日向 フルハルモデル,2255,2318,-63,168,-7.48558758315,1,https://shop.faber-hobby.jp/products/detail.php?product_id=1075338,https://www.amazon.co.jp/s/ref=nb_sb_noss?__mk_ja_JP=カタカナ&url=search-alias%3Daps&field-keywords=4968728421964,Hobby,79613
4968728431369,B016DDQ9IY,http://mnrate.com/item/aid/B016DDQ9IY,1/700 日本海軍駆逐艦 白露型 10隻セット,5011,6550,-1539,-884,17.6411893834,4,https://shop.faber-hobby.jp/products/detail.php?product_id=1064529,https://www.amazon.co.jp/s/ref=nb_sb_noss?__mk_ja_JP=カタカナ&url=search-alias%3Daps&field-keywords=4968728431369,Hobby,178298
4968728421926,B0151FPBZW,http://mnrate.com/item/aid/B0151FPBZW,1/700 日本海軍航空母艦 瑞鳳 フルハルモデル,2255,2627,-372,-109,4.84700665188,0,https://shop.faber-hobby.jp/products/detail.php?product_id=1059737,https://www.amazon.co.jp/s/ref=nb_sb_noss?__mk_ja_JP=カタカナ&url=search-alias%3Daps&field-keywords=4968728421926,Hobby,102905
4968728431338,B013OYS22G,http://mnrate.com/item/aid/B013OYS22G,1/700 日本海軍重巡洋艦 鳥海 DX,2667,0,2667,2667,-100.0,0,https://shop.faber-hobby.jp/products/detail.php?product_id=1053507,https://www.amazon.co.jp/s/ref=nb_sb_noss?__mk_ja_JP=カタカナ&url=search-alias%3Daps&field-keywords=4968728431338,Hobby,383262
4986470053820,B011I1CA66,http://mnrate.com/item/aid/B011I1CA66,1/700 米 戦艦 アイオワ用 (タミヤ用),1175,1728,-553,-380,32.3574468085,0,https://shop.faber-hobby.jp/products/detail.php?product_id=1044867,https://www.amazon.co.jp/s/ref=nb_sb_noss?__mk_ja_JP=カタカナ&url=search-alias%3Daps&field-keywords=4986470053820,Hobby,1624553
4986470053776,B011I1C99Y,http://mnrate.com/item/aid/B011I1C99Y,1/350 日 戦艦 武蔵用 (木製甲板 甲板マスキングシート 張り板マスキング用エッチング) (タミヤ用),3720,0,3720,3720,-100.0,0,https://shop.faber-hobby.jp/products/detail.php?product_id=1044862,https://www.amazon.co.jp/s/ref=nb_sb_noss?__mk_ja_JP=カタカナ&url=search-alias%3Daps&field-keywords=4986470053776,Hobby,635473
4986470051147,B019C3FMD0,http://mnrate.com/item/aid/B019C3FMD0,1/200 独 戦艦 ビスマルク用 チーク材色 (エッチングパーツ付) (トランペッター用),8164,0,8164,8164,-100.0,0,https://shop.faber-hobby.jp/products/detail.php?product_id=1044856,https://www.amazon.co.jp/s/ref=nb_sb_noss?__mk_ja_JP=カタカナ&url=search-alias%3Daps&field-keywords=4986470051147,Hobby,838651
4986470050942,B019C3CR9W,http://mnrate.com/item/aid/B019C3CR9W,1/700 独 重巡 プリンツ・オイゲン 1945用 (ピットロード用),1836,2700,-864,-594,32.3529411765,0,https://shop.faber-hobby.jp/products/detail.php?product_id=1044838,https://www.amazon.co.jp/s/ref=nb_sb_noss?__mk_ja_JP=カタカナ&url=search-alias%3Daps&field-keywords=4986470050942,Hobby,508255
4986470050195,B019C3COLI,http://mnrate.com/item/aid/B019C3COLI,1/700 米 戦艦 サウスダコタ用 (ピットロード用),1762,2592,-830,-570,32.3950056754,0,https://shop.faber-hobby.jp/products/detail.php?product_id=1044764,https://www.amazon.co.jp/s/ref=nb_sb_noss?__mk_ja_JP=カタカナ&url=search-alias%3Daps&field-keywords=4986470050195,Hobby,1393831
4986470049946,B019C3CJ0E,http://mnrate.com/item/aid/B019C3CJ0E,1/700 汎用 (A),1468,2160,-692,-476,32.4250681199,0,https://shop.faber-hobby.jp/products/detail.php?product_id=1044739,https://www.amazon.co.jp/s/ref=nb_sb_noss?__mk_ja_JP=カタカナ&url=search-alias%3Daps&field-keywords=4986470049946,Hobby,941673
4968728421865,B00Z9PTDVI,http://mnrate.com/item/aid/B00Z9PTDVI,1/700 日本海軍戦艦 山城 フルハルモデル,2527,2400,127,367,-14.5231499802,1,https://shop.faber-hobby.jp/products/detail.php?product_id=1040288,https://www.amazon.co.jp/s/ref=nb_sb_noss?__mk_ja_JP=カタカナ&url=search-alias%3Daps&field-keywords=4968728421865,Hobby,34384
4968728421858,B00Z9PTDS6,http://mnrate.com/item/aid/B00Z9PTDS6,1/700 日本海軍航空戦艦 伊勢 フルハルモデル,2527,2718,-191,80,-3.19746735259,3,https://shop.faber-hobby.jp/products/detail.php?product_id=1040287,https://www.amazon.co.jp/s/ref=nb_sb_noss?__mk_ja_JP=カタカナ&url=search-alias%3Daps&field-keywords=4968728421858,Hobby,91811
4968728470078,B00W0QRW9Y,http://mnrate.com/item/aid/B00W0QRW9Y,1/700 日本海軍航空戦艦 伊勢 (特EASY),2177,2345,-168,66,-3.05466237942,0,https://shop.faber-hobby.jp/products/detail.php?product_id=1032427,https://www.amazon.co.jp/s/ref=nb_sb_noss?__mk_ja_JP=カタカナ&url=search-alias%3Daps&field-keywords=4968728470078,Hobby,308618
4968728451176,B00SKGVHKI,http://mnrate.com/item/aid/B00SKGVHKI,1/700 日本海軍航空母艦 蒼龍 フルハルモデル 艦載機36機付き,2667,3821,-1154,-771,28.942632171,1,https://shop.faber-hobby.jp/products/detail.php?product_id=1022928,https://www.amazon.co.jp/s/ref=nb_sb_noss?__mk_ja_JP=カタカナ&url=search-alias%3Daps&field-keywords=4968728451176,Hobby,313178
4968728421803,B00QW79J34,http://mnrate.com/item/aid/B00QW79J34,1/700 日本海軍戦艦 金剛 昭和16年 フルハルモデル,2527,3195,-668,-348,13.7910565888,0,https://shop.faber-hobby.jp/products/detail.php?product_id=1020916,https://www.amazon.co.jp/s/ref=nb_sb_noss?__mk_ja_JP=カタカナ&url=search-alias%3Daps&field-keywords=4968728421803,Hobby,181408
4968728421797,B00PL1QUS4,http://mnrate.com/item/aid/B00PL1QUS4,1/700 日本海軍重巡洋艦 愛宕 フルハルモデル,2255,2491,-236,13,-0.580931263858,1,https://shop.faber-hobby.jp/products/detail.php?product_id=1017593,https://www.amazon.co.jp/s/ref=nb_sb_noss?__mk_ja_JP=カタカナ&url=search-alias%3Daps&field-keywords=4968728421797,Hobby,93273
4968728421780,B00PL1R1FA,http://mnrate.com/item/aid/B00PL1R1FA,1/700 日本海軍重巡洋艦 鳥海 フルハルモデル,2255,2727,-472,-199,8.83813747228,0,https://shop.faber-hobby.jp/products/detail.php?product_id=1017592,https://www.amazon.co.jp/s/ref=nb_sb_noss?__mk_ja_JP=カタカナ&url=search-alias%3Daps&field-keywords=4968728421780,Hobby,207216
4968728470016,B00NDV8WW6,http://mnrate.com/item/aid/B00NDV8WW6,1/700 日本海軍駆逐艦 春雨/海風 2隻セット (特EASY),1905,1627,278,440,-23.1338582677,2,https://shop.faber-hobby.jp/products/detail.php?product_id=1008862,https://www.amazon.co.jp/s/ref=nb_sb_noss?__mk_ja_JP=カタカナ&url=search-alias%3Daps&field-keywords=4968728470016,Hobby,187861
4968728430720,B00KBO6Z6I,http://mnrate.com/item/aid/B00KBO6Z6I,1/700 日本海軍航空母艦 赤城 波ベース付 DX,3006,5184,-2178,-1659,55.2095808383,0,https://shop.faber-hobby.jp/products/detail.php?product_id=995281,https://www.amazon.co.jp/s/ref=nb_sb_noss?__mk_ja_JP=カタカナ&url=search-alias%3Daps&field-keywords=4968728430720,Hobby,673871
4968728430683,B00JTY1UXY,http://mnrate.com/item/aid/B00JTY1UXY,1/700 日本海軍航空母艦 瑞鶴 フルハルモデル DX,3006,3518,-512,-160,5.32934131737,0,https://shop.faber-hobby.jp/products/detail.php?product_id=991779,https://www.amazon.co.jp/s/ref=nb_sb_noss?__mk_ja_JP=カタカナ&url=search-alias%3Daps&field-keywords=4968728430683,Hobby,237908
4968728430638,B00IZ2N6O2,http://mnrate.com/item/aid/B00IZ2N6O2,1/350 日本陸軍潜航輸送船 ゆ1001号艇 DX,2255,2740,-485,-211,9.35698447894,0,https://shop.faber-hobby.jp/products/detail.php?product_id=988962,https://www.amazon.co.jp/s/ref=nb_sb_noss?__mk_ja_JP=カタカナ&url=search-alias%3Daps&field-keywords=4968728430638,Hobby,765431
4968728430621,B00IZ2N6PQ,http://mnrate.com/item/aid/B00IZ2N6PQ,1/350 日本陸軍潜航輸送船 ゆ1号艇 DX,2255,2811,-556,-274,12.1906873614,1,https://shop.faber-hobby.jp/products/detail.php?product_id=988961,https://www.amazon.co.jp/s/ref=nb_sb_noss?__mk_ja_JP=カタカナ&url=search-alias%3Daps&field-keywords=4968728430621,Hobby,677026
4968728430591,B00IHT1HNK,http://mnrate.com/item/aid/B00IHT1HNK,1/700 日本海軍戦艦 霧島 フルハルモデル DX,3006,10000,-6994,-5994,199.401197605,1,https://shop.faber-hobby.jp/products/detail.php?product_id=986163,https://www.amazon.co.jp/s/ref=nb_sb_noss?__mk_ja_JP=カタカナ&url=search-alias%3Daps&field-keywords=4968728430591,Hobby,675148
4968728421650,B00H9WSAFE,http://mnrate.com/item/aid/B00H9WSAFE,1/700 日本海軍戦艦 霧島 フルハルモデル,2255,3185,-930,-611,27.1175166297,1,https://shop.faber-hobby.jp/products/detail.php?product_id=980331,https://www.amazon.co.jp/s/ref=nb_sb_noss?__mk_ja_JP=カタカナ&url=search-alias%3Daps&field-keywords=4968728421650,Hobby,208178
4968728610009,B002P67BJA,http://mnrate.com/item/aid/B002P67BJA,1/500 日本海軍戦艦 大和 終焉型 初回限定版,9720,9749,-29,945,-9.73148148148,3,https://shop.faber-hobby.jp/products/detail.php?product_id=850277,https://www.amazon.co.jp/s/ref=nb_sb_noss?__mk_ja_JP=カタカナ&url=search-alias%3Daps&field-keywords=4968728610009,Hobby,402443
4968728600031,B001VKXNHU,http://mnrate.com/item/aid/B001VKXNHU,1/350 日本海軍航空母艦 翔鶴 1941,14968,23760,-8792,-6416,42.8647781935,7,https://shop.faber-hobby.jp/products/detail.php?product_id=850263,https://www.amazon.co.jp/s/ref=nb_sb_noss?__mk_ja_JP=カタカナ&url=search-alias%3Daps&field-keywords=4968728600031,Hobby,174039
4968728600017,B001EDI8EM,http://mnrate.com/item/aid/B001EDI8EM,1/350 高速戦艦 榛名,13471,21500,-8029,-5879,43.6418974092,8,https://shop.faber-hobby.jp/products/detail.php?product_id=850261,https://www.amazon.co.jp/s/ref=nb_sb_noss?__mk_ja_JP=カタカナ&url=search-alias%3Daps&field-keywords=4968728600017,Hobby,169706
4968728430386,B008COZBUA,http://mnrate.com/item/aid/B008COZBUA,1/700 太平洋戦争時 第一艦隊・第一戦隊 陸奥・長門セット,3369,3988,-619,-220,6.53606411398,0,https://shop.faber-hobby.jp/products/detail.php?product_id=850129,https://www.amazon.co.jp/s/ref=nb_sb_noss?__mk_ja_JP=カタカナ&url=search-alias%3Daps&field-keywords=4968728430386,Hobby,315675
4968728421582,B00B8ICBO6,http://mnrate.com/item/aid/B00B8ICBO6,1/700 大和 幻の改造計画 w/波ベース付,2380,5800,-3420,-2840,119.327731092,1,https://shop.faber-hobby.jp/products/detail.php?product_id=850110,https://www.amazon.co.jp/s/ref=nb_sb_noss?__mk_ja_JP=カタカナ&url=search-alias%3Daps&field-keywords=4968728421582,Hobby,1133600
4968728421568,B00A44IMQ6,http://mnrate.com/item/aid/B00A44IMQ6,1/700 日本海軍 武蔵 レイテ沖波ベース付,2380,3334,-954,-620,26.0756302521,0,https://shop.faber-hobby.jp/products/detail.php?product_id=850108,https://www.amazon.co.jp/s/ref=nb_sb_noss?__mk_ja_JP=カタカナ&url=search-alias%3Daps&field-keywords=4968728421568,Hobby,311434
4968728401720,B005NNEBP4,http://mnrate.com/item/aid/B005NNEBP4,1/700 日本海軍 高雄 フルハルモデル,2527,2949,-422,-127,5.02967946181,1,https://shop.faber-hobby.jp/products/detail.php?product_id=850018,https://www.amazon.co.jp/s/ref=nb_sb_noss?__mk_ja_JP=カタカナ&url=search-alias%3Daps&field-keywords=4968728401720,Hobby,171599
4968728401058,B004NYB5TY,http://mnrate.com/item/aid/B004NYB5TY,1/700 日本海軍駆逐艦 雪風 フルハルモデル,2203,3037,-834,-530,24.0717203813,1,https://shop.faber-hobby.jp/products/detail.php?product_id=849998,https://www.amazon.co.jp/s/ref=nb_sb_noss?__mk_ja_JP=カタカナ&url=search-alias%3Daps&field-keywords=4968728401058,Hobby,209915
4968728400891,B001VKXNJ8,http://mnrate.com/item/aid/B001VKXNJ8,1/700 ぶらじる丸フルハルモデル,1814,2599,-785,-525,28.94707828,0,https://shop.faber-hobby.jp/products/detail.php?product_id=849983,https://www.amazon.co.jp/s/ref=nb_sb_noss?__mk_ja_JP=カタカナ&url=search-alias%3Daps&field-keywords=4968728400891,Hobby,532917
4968728400792,B001BCD17A,http://mnrate.com/item/aid/B001BCD17A,1/700 日本海軍 特設給油艦 建川丸/東栄丸,1965,2238,-273,-49,2.50381679389,0,https://shop.faber-hobby.jp/products/detail.php?product_id=849975,https://www.amazon.co.jp/s/ref=nb_sb_noss?__mk_ja_JP=カタカナ&url=search-alias%3Daps&field-keywords=4968728400792,Hobby,557423
4968728400778,B000WM4W32,http://mnrate.com/item/aid/B000WM4W32,1/350 日本陸軍 潜行輸送艇 まるゆ艇 ゆ 1001号艇,1628,2324,-696,-463,28.4766584767,2,https://shop.faber-hobby.jp/products/detail.php?product_id=849973,https://www.amazon.co.jp/s/ref=nb_sb_noss?__mk_ja_JP=カタカナ&url=search-alias%3Daps&field-keywords=4968728400778,Hobby,321444
4968728400761,B000WM8986,http://mnrate.com/item/aid/B000WM8986,1/350 日本陸軍 潜行輸送艇 まるゆ艇 ゆ 1号艇,1628,2481,-853,-604,37.156019656,2,https://shop.faber-hobby.jp/products/detail.php?product_id=849972,https://www.amazon.co.jp/s/ref=nb_sb_noss?__mk_ja_JP=カタカナ&url=search-alias%3Daps&field-keywords=4968728400761,Hobby,249934
4968728400433,B000WM894K,http://mnrate.com/item/aid/B000WM894K,1/700 日本海軍 特設給油艦 山下汽船 日本丸,1753,2599,-846,-586,33.4341129492,1,https://shop.faber-hobby.jp/products/detail.php?product_id=849944,https://www.amazon.co.jp/s/ref=nb_sb_noss?__mk_ja_JP=カタカナ&url=search-alias%3Daps&field-keywords=4968728400433,Hobby,250737
4968728400426,B000WM4VYW,http://mnrate.com/item/aid/B000WM4VYW,1/700 日本海軍 特設給油艦 飯野海運 東邦丸,1965,2448,-483,-238,12.1221374046,1,https://shop.faber-hobby.jp/products/detail.php?product_id=849943,https://www.amazon.co.jp/s/ref=nb_sb_noss?__mk_ja_JP=カタカナ&url=search-alias%3Daps&field-keywords=4968728400426,Hobby,274444
4968728400419,B000WMA0N8,http://mnrate.com/item/aid/B000WMA0N8,1/700 日本海軍 特設給油艦 飯野海運 極東丸,1965,2200,-235,-15,0.763358778626,1,https://shop.faber-hobby.jp/products/detail.php?product_id=849942,https://www.amazon.co.jp/s/ref=nb_sb_noss?__mk_ja_JP=カタカナ&url=search-alias%3Daps&field-keywords=4968728400419,Hobby,457195
4544032748920,B0196F4Q6I,http://mnrate.com/item/aid/B0196F4Q6I,1/700 英ハントII級護衛駆逐艦 スラザック・ポーランド海軍 1943,1458,2633,-1175,-911,62.5308641975,0,https://shop.faber-hobby.jp/products/detail.php?product_id=749046,https://www.amazon.co.jp/s/ref=nb_sb_noss?__mk_ja_JP=カタカナ&url=search-alias%3Daps&field-keywords=4544032748920,Hobby,254508
4967834400832,B008JDXMW8,http://mnrate.com/item/aid/B008JDXMW8,1/400 R.M.S タイタニック,5927,6354,-427,208,-3.51611270457,2,https://shop.faber-hobby.jp/products/detail.php?product_id=726694,https://www.amazon.co.jp/s/ref=nb_sb_noss?__mk_ja_JP=カタカナ&url=search-alias%3Daps&field-keywords=4967834400832,Hobby,157876
9580208004334,B0751KH7RP,http://mnrate.com/item/aid/B0751KH7RP,1/35 ソビエト現用歩兵/戦車兵 アフガニスタン紛争,777,1944,-1167,-972,125.173745174,0,https://shop.faber-hobby.jp/products/detail.php?product_id=1182104,https://www.amazon.co.jp/s/ref=nb_sb_noss?__mk_ja_JP=カタカナ&url=search-alias%3Daps&field-keywords=9580208004334,Hobby,1103309
8001283064217,B01F4K33KE,http://mnrate.com/item/aid/B01F4K33KE,39421 1/35 現用軽火器セット,594,714,-120,-48,8.18181818182,0,https://shop.faber-hobby.jp/products/detail.php?product_id=1181084,https://www.amazon.co.jp/s/ref=nb_sb_noss?__mk_ja_JP=カタカナ&url=search-alias%3Daps&field-keywords=8001283064217,Hobby,303266
0089195816153,B005BZE76M,http://mnrate.com/item/aid/B005BZE76M,1/16 ドイツ軍 第8SS騎兵師団フロリアン・ガイエル,1242,6800,-5558,-4878,392.753623188,0,https://shop.faber-hobby.jp/products/detail.php?product_id=1167282,https://www.amazon.co.jp/s/ref=nb_sb_noss?__mk_ja_JP=カタカナ&url=search-alias%3Daps&field-keywords=0089195816153,Hobby,1174241
0089195835840,B07235LJXL,http://mnrate.com/item/aid/B07235LJXL,1/35 アメリカ軍 M67A2 火炎放射戦車,2980,6339,-3359,-2725,91.4463087248,0,https://shop.faber-hobby.jp/products/detail.php?product_id=1163753,https://www.amazon.co.jp/s/ref=nb_sb_noss?__mk_ja_JP=カタカナ&url=search-alias%3Daps&field-keywords=0089195835840,Hobby,916375
4823044404704,B01LSPDSTA,http://mnrate.com/item/aid/B01LSPDSTA,1/35 フランス歩兵w/ガスマスク(1918年),820,1526,-706,-553,67.487804878,0,https://shop.faber-hobby.jp/products/detail.php?product_id=1156989,https://www.amazon.co.jp/s/ref=nb_sb_noss?__mk_ja_JP=カタカナ&url=search-alias%3Daps&field-keywords=4823044404704,Hobby,176616
4823044404698,B01LSPDVO2,http://mnrate.com/item/aid/B01LSPDVO2,1/16 S.W.A.T.チームリーダー,1965,4114,-2149,-1737,88.427480916,0,https://shop.faber-hobby.jp/products/detail.php?product_id=1156988,https://www.amazon.co.jp/s/ref=nb_sb_noss?__mk_ja_JP=カタカナ&url=search-alias%3Daps&field-keywords=4823044404698,Hobby,456642
